:LABEL,depth,extruded_direction,id,ifc_type,position,swept_area
IfcExtrudedAreaSolid,2.581,#9,#59,IFCEXTRUDEDAREASOLID,#58,#56
IfcExtrudedAreaSolid,2.587000000000001,#9,#207,IFCEXTRUDEDAREASOLID,#206,#204
IfcExtrudedAreaSolid,2.587000000000001,#9,#350,IFCEXTRUDEDAREASOLID,#349,#347
IfcExtrudedAreaSolid,2.581,#10,#509,IFCEXTRUDEDAREASOLID,#508,#506
IfcExtrudedAreaSolid,2.587000000000183,#9,#1054,IFCEXTRUDEDAREASOLID,#1053,#1051
IfcExtrudedAreaSolid,2.581000000000183,#9,#1213,IFCEXTRUDEDAREASOLID,#1212,#1210
IfcExtrudedAreaSolid,2.581000000000183,#9,#1437,IFCEXTRUDEDAREASOLID,#1436,#1434
IfcExtrudedAreaSolid,2.581,#9,#1622,IFCEXTRUDEDAREASOLID,#1621,#1619
IfcExtrudedAreaSolid,2.587000000000001,#9,#1777,IFCEXTRUDEDAREASOLID,#1776,#1774
IfcExtrudedAreaSolid,2.587000000000001,#9,#1923,IFCEXTRUDEDAREASOLID,#1922,#1920
IfcExtrudedAreaSolid,2.581,#9,#2103,IFCEXTRUDEDAREASOLID,#2102,#2100
IfcExtrudedAreaSolid,2.587000000000183,#9,#2632,IFCEXTRUDEDAREASOLID,#2631,#2629
IfcExtrudedAreaSolid,2.581000000000183,#9,#2784,IFCEXTRUDEDAREASOLID,#2783,#2781
IfcExtrudedAreaSolid,2.581000000000183,#9,#3008,IFCEXTRUDEDAREASOLID,#3007,#3005
IfcExtrudedAreaSolid,2.587000000000183,#9,#3192,IFCEXTRUDEDAREASOLID,#3191,#3189
IfcExtrudedAreaSolid,2.587000000000183,#9,#3320,IFCEXTRUDEDAREASOLID,#3319,#3317
IfcExtrudedAreaSolid,1.014400000000007,#9,#3451,IFCEXTRUDEDAREASOLID,#3450,#3448
IfcExtrudedAreaSolid,1.014400000000002,#9,#3581,IFCEXTRUDEDAREASOLID,#3580,#3578
IfcExtrudedAreaSolid,3.0,#9,#3702,IFCEXTRUDEDAREASOLID,#3701,#3699
IfcExtrudedAreaSolid,3.100000000000196,#9,#3789,IFCEXTRUDEDAREASOLID,#3788,#3787
IfcExtrudedAreaSolid,3.100000000000196,#9,#3994,IFCEXTRUDEDAREASOLID,#3993,#3992
IfcExtrudedAreaSolid,3.100000000000196,#9,#4038,IFCEXTRUDEDAREASOLID,#4037,#4036
IfcExtrudedAreaSolid,3.100000000000196,#9,#4082,IFCEXTRUDEDAREASOLID,#4081,#4080
IfcExtrudedAreaSolid,2.795000000000196,#9,#4126,IFCEXTRUDEDAREASOLID,#4125,#4124
IfcExtrudedAreaSolid,2.795000000000196,#9,#4214,IFCEXTRUDEDAREASOLID,#4213,#4212
IfcExtrudedAreaSolid,2.795000000000196,#9,#4259,IFCEXTRUDEDAREASOLID,#4258,#4257
IfcExtrudedAreaSolid,2.795000000000196,#9,#4372,IFCEXTRUDEDAREASOLID,#4371,#4370
IfcExtrudedAreaSolid,2.795000000000196,#9,#4438,IFCEXTRUDEDAREASOLID,#4437,#4436
IfcExtrudedAreaSolid,2.795000000000196,#9,#4503,IFCEXTRUDEDAREASOLID,#4502,#4501
IfcExtrudedAreaSolid,2.795000000000196,#9,#4548,IFCEXTRUDEDAREASOLID,#4547,#4546
IfcExtrudedAreaSolid,2.795000000000196,#9,#4593,IFCEXTRUDEDAREASOLID,#4592,#4591
IfcExtrudedAreaSolid,1.25,#9,#4638,IFCEXTRUDEDAREASOLID,#4637,#4636
IfcExtrudedAreaSolid,1.25,#9,#4813,IFCEXTRUDEDAREASOLID,#4812,#4811
IfcExtrudedAreaSolid,1.25,#9,#4863,IFCEXTRUDEDAREASOLID,#4862,#4861
IfcExtrudedAreaSolid,1.25,#9,#4913,IFCEXTRUDEDAREASOLID,#4912,#4911
IfcExtrudedAreaSolid,1.25,#9,#4963,IFCEXTRUDEDAREASOLID,#4962,#4961
IfcExtrudedAreaSolid,1.25,#9,#5052,IFCEXTRUDEDAREASOLID,#5051,#5050
IfcExtrudedAreaSolid,1.123,#9,#5101,IFCEXTRUDEDAREASOLID,#5100,#5099
IfcExtrudedAreaSolid,0.127,#9,#5157,IFCEXTRUDEDAREASOLID,#5156,#5154
IfcExtrudedAreaSolid,0.127,#9,#5262,IFCEXTRUDEDAREASOLID,#5261,#5259
IfcExtrudedAreaSolid,2.900000000000013,#9,#5310,IFCEXTRUDEDAREASOLID,#5309,#5308
IfcExtrudedAreaSolid,2.900000000000012,#9,#5443,IFCEXTRUDEDAREASOLID,#5442,#5441
IfcExtrudedAreaSolid,2.900000000000012,#9,#5493,IFCEXTRUDEDAREASOLID,#5492,#5491
IfcExtrudedAreaSolid,2.900000000000012,#9,#5543,IFCEXTRUDEDAREASOLID,#5542,#5541
IfcExtrudedAreaSolid,2.900000000000013,#9,#5593,IFCEXTRUDEDAREASOLID,#5592,#5591
IfcExtrudedAreaSolid,3.388000000000207,#9,#5637,IFCEXTRUDEDAREASOLID,#5636,#5635
IfcExtrudedAreaSolid,2.900000000000012,#9,#5682,IFCEXTRUDEDAREASOLID,#5681,#5680
IfcExtrudedAreaSolid,2.900000000000012,#9,#5726,IFCEXTRUDEDAREASOLID,#5725,#5724
IfcExtrudedAreaSolid,2.900000000000012,#9,#5770,IFCEXTRUDEDAREASOLID,#5769,#5768
IfcExtrudedAreaSolid,2.900000000000012,#9,#5854,IFCEXTRUDEDAREASOLID,#5853,#5852
IfcExtrudedAreaSolid,3.388000000000011,#9,#5898,IFCEXTRUDEDAREASOLID,#5897,#5896
IfcExtrudedAreaSolid,2.900000000000012,#9,#5943,IFCEXTRUDEDAREASOLID,#5942,#5941
IfcExtrudedAreaSolid,2.900000000000012,#9,#5987,IFCEXTRUDEDAREASOLID,#5986,#5985
IfcExtrudedAreaSolid,2.900000000000012,#9,#6031,IFCEXTRUDEDAREASOLID,#6030,#6029
IfcExtrudedAreaSolid,2.900000000000012,#9,#6075,IFCEXTRUDEDAREASOLID,#6074,#6073
IfcExtrudedAreaSolid,0.305,#9,#6127,IFCEXTRUDEDAREASOLID,#6126,#6124
IfcExtrudedAreaSolid,0.305,#9,#6242,IFCEXTRUDEDAREASOLID,#6241,#6239
IfcExtrudedAreaSolid,0.4170000000000001,#9,#6287,IFCEXTRUDEDAREASOLID,#6286,#6285
IfcExtrudedAreaSolid,2.294000000000008,#9,#6299,IFCEXTRUDEDAREASOLID,#6298,#6296
IfcExtrudedAreaSolid,0.04400000000002743,#9,#6320,IFCEXTRUDEDAREASOLID,#6319,#6317
IfcExtrudedAreaSolid,0.06300000000002744,#9,#6341,IFCEXTRUDEDAREASOLID,#6340,#6338
IfcExtrudedAreaSolid,0.3539999999999727,#9,#6359,IFCEXTRUDEDAREASOLID,#6358,#6356
IfcExtrudedAreaSolid,0.4170000000000001,#9,#6511,IFCEXTRUDEDAREASOLID,#6510,#6509
IfcExtrudedAreaSolid,0.4170000000000001,#9,#6563,IFCEXTRUDEDAREASOLID,#6562,#6561
IfcExtrudedAreaSolid,0.02499999999999445,#9,#6584,IFCEXTRUDEDAREASOLID,#6583,#6581
IfcExtrudedAreaSolid,0.02500000000000559,#9,#6603,IFCEXTRUDEDAREASOLID,#6602,#6600
IfcExtrudedAreaSolid,2.009999999999999,#9,#6610,IFCEXTRUDEDAREASOLID,#6609,#6607
IfcExtrudedAreaSolid,0.4170000000000001,#9,#6737,IFCEXTRUDEDAREASOLID,#6736,#6735
IfcExtrudedAreaSolid,0.4170000000000001,#9,#6788,IFCEXTRUDEDAREASOLID,#6787,#6786
IfcExtrudedAreaSolid,2.074000000000006,#9,#6800,IFCEXTRUDEDAREASOLID,#6799,#6797
IfcExtrudedAreaSolid,0.04400000000002743,#9,#6818,IFCEXTRUDEDAREASOLID,#6817,#6815
IfcExtrudedAreaSolid,0.06300000000002744,#9,#6836,IFCEXTRUDEDAREASOLID,#6835,#6833
IfcExtrudedAreaSolid,0.3539999999999727,#9,#6854,IFCEXTRUDEDAREASOLID,#6853,#6851
IfcExtrudedAreaSolid,0.4170000000000001,#9,#7005,IFCEXTRUDEDAREASOLID,#7004,#7003
IfcExtrudedAreaSolid,0.4170000000000001,#9,#7057,IFCEXTRUDEDAREASOLID,#7056,#7055
IfcExtrudedAreaSolid,2.284000000000005,#9,#7069,IFCEXTRUDEDAREASOLID,#7068,#7066
IfcExtrudedAreaSolid,0.04400000000002743,#9,#7087,IFCEXTRUDEDAREASOLID,#7086,#7084
IfcExtrudedAreaSolid,0.06300000000002744,#9,#7105,IFCEXTRUDEDAREASOLID,#7104,#7102
IfcExtrudedAreaSolid,0.3539999999999727,#9,#7123,IFCEXTRUDEDAREASOLID,#7122,#7120
IfcExtrudedAreaSolid,0.4170000000000001,#9,#7274,IFCEXTRUDEDAREASOLID,#7273,#7272
IfcExtrudedAreaSolid,0.6330000000000073,#9,#7286,IFCEXTRUDEDAREASOLID,#7285,#7283
IfcExtrudedAreaSolid,0.04400000000002743,#9,#7304,IFCEXTRUDEDAREASOLID,#7303,#7301
IfcExtrudedAreaSolid,0.06300000000002744,#9,#7322,IFCEXTRUDEDAREASOLID,#7321,#7319
IfcExtrudedAreaSolid,0.3539999999999727,#9,#7340,IFCEXTRUDEDAREASOLID,#7339,#7337
IfcExtrudedAreaSolid,0.4170000000000001,#9,#7491,IFCEXTRUDEDAREASOLID,#7490,#7489
IfcExtrudedAreaSolid,0.6320000000000041,#9,#7503,IFCEXTRUDEDAREASOLID,#7502,#7500
IfcExtrudedAreaSolid,0.04445,#9,#7521,IFCEXTRUDEDAREASOLID,#7520,#7518
IfcExtrudedAreaSolid,0.3535500000000001,#9,#7539,IFCEXTRUDEDAREASOLID,#7538,#7536
IfcExtrudedAreaSolid,0.06345,#9,#7560,IFCEXTRUDEDAREASOLID,#7559,#7557
IfcExtrudedAreaSolid,0.4170000000000001,#9,#7723,IFCEXTRUDEDAREASOLID,#7722,#7721
IfcExtrudedAreaSolid,0.4170000000000001,#9,#7775,IFCEXTRUDEDAREASOLID,#7774,#7773
IfcExtrudedAreaSolid,0.4170000000000001,#9,#7827,IFCEXTRUDEDAREASOLID,#7826,#7825
IfcExtrudedAreaSolid,0.4170000000000001,#9,#7879,IFCEXTRUDEDAREASOLID,#7878,#7877
IfcExtrudedAreaSolid,0.4170000000000001,#9,#7931,IFCEXTRUDEDAREASOLID,#7930,#7929
IfcExtrudedAreaSolid,0.124,#9,#7983,IFCEXTRUDEDAREASOLID,#7982,#7981
IfcExtrudedAreaSolid,0.02499999999999445,#9,#8004,IFCEXTRUDEDAREASOLID,#8003,#8001
IfcExtrudedAreaSolid,0.02500000000000558,#9,#8020,IFCEXTRUDEDAREASOLID,#8019,#8017
IfcExtrudedAreaSolid,2.032,#9,#8027,IFCEXTRUDEDAREASOLID,#8026,#8024
IfcExtrudedAreaSolid,0.124,#9,#8149,IFCEXTRUDEDAREASOLID,#8148,#8147
IfcExtrudedAreaSolid,0.124,#9,#8200,IFCEXTRUDEDAREASOLID,#8199,#8198
IfcExtrudedAreaSolid,0.02499999999999444,#9,#8221,IFCEXTRUDEDAREASOLID,#8220,#8218
IfcExtrudedAreaSolid,0.02500000000000558,#9,#8237,IFCEXTRUDEDAREASOLID,#8236,#8234
IfcExtrudedAreaSolid,2.032,#9,#8244,IFCEXTRUDEDAREASOLID,#8243,#8241
IfcExtrudedAreaSolid,0.124,#9,#8366,IFCEXTRUDEDAREASOLID,#8365,#8364
IfcExtrudedAreaSolid,0.914399999999999,#9,#8457,IFCEXTRUDEDAREASOLID,#8456,#8454
IfcExtrudedAreaSolid,0.9144000000000001,#9,#8488,IFCEXTRUDEDAREASOLID,#8487,#8485
IfcExtrudedAreaSolid,0.9144000000000001,#9,#8516,IFCEXTRUDEDAREASOLID,#8515,#8513
IfcExtrudedAreaSolid,0.9144000000000001,#9,#8544,IFCEXTRUDEDAREASOLID,#8543,#8541
IfcExtrudedAreaSolid,0.9144000000000001,#9,#8572,IFCEXTRUDEDAREASOLID,#8571,#8569
IfcExtrudedAreaSolid,0.9144000000000001,#9,#8600,IFCEXTRUDEDAREASOLID,#8599,#8597
IfcExtrudedAreaSolid,0.9144000000000001,#9,#8628,IFCEXTRUDEDAREASOLID,#8627,#8625
IfcExtrudedAreaSolid,0.9144000000000001,#9,#8656,IFCEXTRUDEDAREASOLID,#8655,#8653
IfcExtrudedAreaSolid,0.9144000000000001,#9,#8684,IFCEXTRUDEDAREASOLID,#8683,#8681
IfcExtrudedAreaSolid,0.9144000000000001,#9,#8712,IFCEXTRUDEDAREASOLID,#8711,#8709
IfcExtrudedAreaSolid,0.9144000000000001,#9,#8740,IFCEXTRUDEDAREASOLID,#8739,#8737
IfcExtrudedAreaSolid,0.9144000000000001,#9,#8768,IFCEXTRUDEDAREASOLID,#8767,#8765
IfcExtrudedAreaSolid,0.9144000000000001,#9,#8796,IFCEXTRUDEDAREASOLID,#8795,#8793
IfcExtrudedAreaSolid,0.9144000000000001,#9,#8824,IFCEXTRUDEDAREASOLID,#8823,#8821
IfcExtrudedAreaSolid,0.9144000000000001,#9,#8852,IFCEXTRUDEDAREASOLID,#8851,#8849
IfcExtrudedAreaSolid,0.1437500000000122,#9,#8859,IFCEXTRUDEDAREASOLID,#8858,#8856
IfcExtrudedAreaSolid,0.1937500000000122,#9,#8866,IFCEXTRUDEDAREASOLID,#8865,#8863
IfcExtrudedAreaSolid,0.1937500000000123,#9,#8873,IFCEXTRUDEDAREASOLID,#8872,#8870
IfcExtrudedAreaSolid,0.1937500000000123,#9,#8880,IFCEXTRUDEDAREASOLID,#8879,#8877
IfcExtrudedAreaSolid,0.1937500000000123,#9,#8887,IFCEXTRUDEDAREASOLID,#8886,#8884
IfcExtrudedAreaSolid,0.1937500000000123,#9,#8894,IFCEXTRUDEDAREASOLID,#8893,#8891
IfcExtrudedAreaSolid,0.1937500000000123,#9,#8901,IFCEXTRUDEDAREASOLID,#8900,#8898
IfcExtrudedAreaSolid,0.1937500000000123,#9,#8908,IFCEXTRUDEDAREASOLID,#8907,#8905
IfcExtrudedAreaSolid,0.1937500000000123,#9,#8915,IFCEXTRUDEDAREASOLID,#8914,#8912
IfcExtrudedAreaSolid,0.1937500000000123,#9,#8922,IFCEXTRUDEDAREASOLID,#8921,#8919
IfcExtrudedAreaSolid,0.1937500000000123,#9,#8929,IFCEXTRUDEDAREASOLID,#8928,#8926
IfcExtrudedAreaSolid,0.1937500000000123,#9,#8936,IFCEXTRUDEDAREASOLID,#8935,#8933
IfcExtrudedAreaSolid,0.1937500000000123,#9,#8943,IFCEXTRUDEDAREASOLID,#8942,#8940
IfcExtrudedAreaSolid,0.1937500000000123,#9,#8950,IFCEXTRUDEDAREASOLID,#8949,#8947
IfcExtrudedAreaSolid,0.1937500000000123,#9,#8957,IFCEXTRUDEDAREASOLID,#8956,#8954
IfcExtrudedAreaSolid,0.1937500000000123,#9,#8964,IFCEXTRUDEDAREASOLID,#8963,#8961
IfcExtrudedAreaSolid,0.04999999999999944,#9,#8996,IFCEXTRUDEDAREASOLID,#8995,#8993
IfcExtrudedAreaSolid,0.04999999999999944,#9,#9014,IFCEXTRUDEDAREASOLID,#9013,#9011
IfcExtrudedAreaSolid,1.060000000000001,#9,#9394,IFCEXTRUDEDAREASOLID,#9393,#9391
IfcExtrudedAreaSolid,1.060000000000001,#9,#9399,IFCEXTRUDEDAREASOLID,#9398,#9396
IfcExtrudedAreaSolid,1.060000000000001,#9,#9404,IFCEXTRUDEDAREASOLID,#9403,#9401
IfcExtrudedAreaSolid,1.060000000000001,#9,#9409,IFCEXTRUDEDAREASOLID,#9408,#9406
IfcExtrudedAreaSolid,1.060000000000001,#9,#9414,IFCEXTRUDEDAREASOLID,#9413,#9411
IfcExtrudedAreaSolid,1.060000000000001,#9,#9419,IFCEXTRUDEDAREASOLID,#9418,#9416
IfcExtrudedAreaSolid,1.060000000000001,#9,#9424,IFCEXTRUDEDAREASOLID,#9423,#9421
IfcExtrudedAreaSolid,1.060000000000001,#9,#9429,IFCEXTRUDEDAREASOLID,#9428,#9426
IfcExtrudedAreaSolid,1.060000000000001,#9,#9434,IFCEXTRUDEDAREASOLID,#9433,#9431
IfcExtrudedAreaSolid,1.060000000000001,#9,#9439,IFCEXTRUDEDAREASOLID,#9438,#9436
IfcExtrudedAreaSolid,1.060000000000001,#9,#9444,IFCEXTRUDEDAREASOLID,#9443,#9441
IfcExtrudedAreaSolid,1.060000000000001,#9,#9449,IFCEXTRUDEDAREASOLID,#9448,#9446
IfcExtrudedAreaSolid,1.060000000000001,#9,#9454,IFCEXTRUDEDAREASOLID,#9453,#9451
IfcExtrudedAreaSolid,1.060000000000001,#9,#9459,IFCEXTRUDEDAREASOLID,#9458,#9456
IfcExtrudedAreaSolid,1.060000000000001,#9,#9464,IFCEXTRUDEDAREASOLID,#9463,#9461
IfcExtrudedAreaSolid,1.060000000000001,#9,#9469,IFCEXTRUDEDAREASOLID,#9468,#9466
IfcExtrudedAreaSolid,1.060000000000001,#9,#9474,IFCEXTRUDEDAREASOLID,#9473,#9471
IfcExtrudedAreaSolid,1.060000000000001,#9,#9479,IFCEXTRUDEDAREASOLID,#9478,#9476
IfcExtrudedAreaSolid,1.060000000000001,#9,#9484,IFCEXTRUDEDAREASOLID,#9483,#9481
IfcExtrudedAreaSolid,1.060000000000001,#9,#9489,IFCEXTRUDEDAREASOLID,#9488,#9486
IfcExtrudedAreaSolid,1.060000000000001,#9,#9494,IFCEXTRUDEDAREASOLID,#9493,#9491
IfcExtrudedAreaSolid,1.060000000000001,#9,#9499,IFCEXTRUDEDAREASOLID,#9498,#9496
IfcExtrudedAreaSolid,1.060000000000001,#9,#9504,IFCEXTRUDEDAREASOLID,#9503,#9501
IfcExtrudedAreaSolid,1.060000000000001,#9,#9509,IFCEXTRUDEDAREASOLID,#9508,#9506
IfcExtrudedAreaSolid,1.060000000000001,#9,#9514,IFCEXTRUDEDAREASOLID,#9513,#9511
IfcExtrudedAreaSolid,1.060000000000001,#9,#9519,IFCEXTRUDEDAREASOLID,#9518,#9516
IfcExtrudedAreaSolid,1.060000000000001,#9,#9524,IFCEXTRUDEDAREASOLID,#9523,#9521
IfcExtrudedAreaSolid,1.060000000000001,#9,#9529,IFCEXTRUDEDAREASOLID,#9528,#9526
IfcExtrudedAreaSolid,0.02500000000000081,#9,#9539,IFCEXTRUDEDAREASOLID,#9538,#9536
IfcExtrudedAreaSolid,0.9968219692482604,#9545,#9546,IFCEXTRUDEDAREASOLID,#9544,#9541
IfcExtrudedAreaSolid,0.9968219692482702,#9552,#9553,IFCEXTRUDEDAREASOLID,#9551,#9548
IfcExtrudedAreaSolid,0.9968219692482702,#9559,#9560,IFCEXTRUDEDAREASOLID,#9558,#9555
IfcExtrudedAreaSolid,0.9968219692482702,#9566,#9567,IFCEXTRUDEDAREASOLID,#9565,#9562
IfcExtrudedAreaSolid,0.9968219692482702,#9573,#9574,IFCEXTRUDEDAREASOLID,#9572,#9569
IfcExtrudedAreaSolid,0.9968219692482604,#9580,#9581,IFCEXTRUDEDAREASOLID,#9579,#9576
IfcExtrudedAreaSolid,0.9968219692482648,#9587,#9588,IFCEXTRUDEDAREASOLID,#9586,#9583
IfcExtrudedAreaSolid,0.9968219692482654,#9594,#9595,IFCEXTRUDEDAREASOLID,#9593,#9590
IfcExtrudedAreaSolid,0.9968219692482654,#9601,#9602,IFCEXTRUDEDAREASOLID,#9600,#9597
IfcExtrudedAreaSolid,0.9968219692482648,#9608,#9609,IFCEXTRUDEDAREASOLID,#9607,#9604
IfcExtrudedAreaSolid,0.9968219692482648,#9615,#9616,IFCEXTRUDEDAREASOLID,#9614,#9611
IfcExtrudedAreaSolid,0.9968219692482654,#9622,#9623,IFCEXTRUDEDAREASOLID,#9621,#9618
IfcExtrudedAreaSolid,0.9968219692482654,#9629,#9630,IFCEXTRUDEDAREASOLID,#9628,#9625
IfcExtrudedAreaSolid,0.9968219692482492,#9636,#9637,IFCEXTRUDEDAREASOLID,#9635,#9632
IfcExtrudedAreaSolid,0.9968219692482486,#9643,#9644,IFCEXTRUDEDAREASOLID,#9642,#9639
IfcExtrudedAreaSolid,0.9968219692482492,#9650,#9651,IFCEXTRUDEDAREASOLID,#9649,#9646
IfcExtrudedAreaSolid,0.9968219692482492,#9657,#9658,IFCEXTRUDEDAREASOLID,#9656,#9653
IfcExtrudedAreaSolid,0.9968219692482487,#9664,#9665,IFCEXTRUDEDAREASOLID,#9663,#9660
IfcExtrudedAreaSolid,0.9968219692482487,#9671,#9672,IFCEXTRUDEDAREASOLID,#9670,#9667
IfcExtrudedAreaSolid,0.9968219692482491,#9678,#9679,IFCEXTRUDEDAREASOLID,#9677,#9674
IfcExtrudedAreaSolid,0.9968219692482493,#9685,#9686,IFCEXTRUDEDAREASOLID,#9684,#9681
IfcExtrudedAreaSolid,0.9968219692482492,#9692,#9693,IFCEXTRUDEDAREASOLID,#9691,#9688
IfcExtrudedAreaSolid,0.9968219692482492,#9699,#9700,IFCEXTRUDEDAREASOLID,#9698,#9695
IfcExtrudedAreaSolid,0.9968219692482493,#9706,#9707,IFCEXTRUDEDAREASOLID,#9705,#9702
IfcExtrudedAreaSolid,0.9968219692482491,#9713,#9714,IFCEXTRUDEDAREASOLID,#9712,#9709
IfcExtrudedAreaSolid,0.9968219692482492,#9720,#9721,IFCEXTRUDEDAREASOLID,#9719,#9716
IfcExtrudedAreaSolid,0.9968219692482492,#9727,#9728,IFCEXTRUDEDAREASOLID,#9726,#9723
IfcExtrudedAreaSolid,0.9968219692482492,#9734,#9735,IFCEXTRUDEDAREASOLID,#9733,#9730
IfcExtrudedAreaSolid,0.9968219692482492,#9741,#9742,IFCEXTRUDEDAREASOLID,#9740,#9737
IfcExtrudedAreaSolid,1.060000000000001,#9,#9747,IFCEXTRUDEDAREASOLID,#9746,#9744
IfcExtrudedAreaSolid,1.060000000000001,#9,#9752,IFCEXTRUDEDAREASOLID,#9751,#9749
IfcExtrudedAreaSolid,1.060000000000001,#9,#9757,IFCEXTRUDEDAREASOLID,#9756,#9754
IfcExtrudedAreaSolid,1.060000000000001,#9,#9762,IFCEXTRUDEDAREASOLID,#9761,#9759
IfcExtrudedAreaSolid,0.9968219692482642,#9778,#9779,IFCEXTRUDEDAREASOLID,#9777,#9773
IfcExtrudedAreaSolid,0.7999999999999997,#10,#12255,IFCEXTRUDEDAREASOLID,#12254,#12252
IfcExtrudedAreaSolid,0.5009499999999997,#9,#12579,IFCEXTRUDEDAREASOLID,#12578,#12576
IfcExtrudedAreaSolid,0.7999999999999997,#9,#12661,IFCEXTRUDEDAREASOLID,#12660,#12658
IfcExtrudedAreaSolid,0.5009499999999997,#9,#12981,IFCEXTRUDEDAREASOLID,#12980,#12978
IfcExtrudedAreaSolid,0.7999999999999997,#10,#13015,IFCEXTRUDEDAREASOLID,#13014,#13012
IfcExtrudedAreaSolid,0.5009499999999997,#9,#13336,IFCEXTRUDEDAREASOLID,#13335,#13333
IfcExtrudedAreaSolid,0.7999999999999997,#9,#13370,IFCEXTRUDEDAREASOLID,#13369,#13367
IfcExtrudedAreaSolid,0.5009499999999997,#9,#13690,IFCEXTRUDEDAREASOLID,#13689,#13687
IfcExtrudedAreaSolid,0.7999999999999997,#10,#13724,IFCEXTRUDEDAREASOLID,#13723,#13721
IfcExtrudedAreaSolid,0.5009499999999997,#9,#14045,IFCEXTRUDEDAREASOLID,#14044,#14042
IfcExtrudedAreaSolid,0.7999999999999997,#9,#14079,IFCEXTRUDEDAREASOLID,#14078,#14076
IfcExtrudedAreaSolid,0.5009499999999997,#9,#14399,IFCEXTRUDEDAREASOLID,#14398,#14396
IfcExtrudedAreaSolid,0.7999999999999997,#10,#14433,IFCEXTRUDEDAREASOLID,#14432,#14430
IfcExtrudedAreaSolid,0.5009499999999997,#9,#14754,IFCEXTRUDEDAREASOLID,#14753,#14751
IfcExtrudedAreaSolid,0.7999999999999997,#9,#14788,IFCEXTRUDEDAREASOLID,#14787,#14785
IfcExtrudedAreaSolid,0.5009499999999997,#9,#15108,IFCEXTRUDEDAREASOLID,#15107,#15105
IfcExtrudedAreaSolid,0.124,#9,#15879,IFCEXTRUDEDAREASOLID,#15878,#15877
IfcExtrudedAreaSolid,0.02499999999999444,#9,#15900,IFCEXTRUDEDAREASOLID,#15899,#15897
IfcExtrudedAreaSolid,0.02500000000000558,#9,#15916,IFCEXTRUDEDAREASOLID,#15915,#15913
IfcExtrudedAreaSolid,2.032,#9,#15923,IFCEXTRUDEDAREASOLID,#15922,#15920
IfcExtrudedAreaSolid,0.124,#9,#15993,IFCEXTRUDEDAREASOLID,#15992,#15991
IfcExtrudedAreaSolid,0.124,#9,#16044,IFCEXTRUDEDAREASOLID,#16043,#16042
IfcExtrudedAreaSolid,0.124,#9,#16095,IFCEXTRUDEDAREASOLID,#16094,#16093
IfcExtrudedAreaSolid,3.0,#9,#16204,IFCEXTRUDEDAREASOLID,#16203,#16201
IfcExtrudedAreaSolid,0.04000000000000228,#9,#16302,IFCEXTRUDEDAREASOLID,#16301,#16299
IfcExtrudedAreaSolid,0.1016000000004133,#9,#16378,IFCEXTRUDEDAREASOLID,#16377,#16375
IfcExtrudedAreaSolid,0.03999999999999889,#9,#16385,IFCEXTRUDEDAREASOLID,#16384,#16382
IfcExtrudedAreaSolid,0.1016000000004133,#9,#16507,IFCEXTRUDEDAREASOLID,#16506,#16504
IfcExtrudedAreaSolid,0.03999999999999889,#9,#16514,IFCEXTRUDEDAREASOLID,#16513,#16511
IfcExtrudedAreaSolid,3.0,#9,#16748,IFCEXTRUDEDAREASOLID,#16747,#16745
IfcExtrudedAreaSolid,0.04000000000000228,#9,#16843,IFCEXTRUDEDAREASOLID,#16842,#16840
IfcExtrudedAreaSolid,0.01270000000000002,#9,#17431,IFCEXTRUDEDAREASOLID,#17430,#17428
IfcExtrudedAreaSolid,0.1016,#9,#17450,IFCEXTRUDEDAREASOLID,#17449,#17447
IfcExtrudedAreaSolid,0.1016,#9,#17466,IFCEXTRUDEDAREASOLID,#17465,#17463
IfcExtrudedAreaSolid,0.01270000000000002,#9,#17473,IFCEXTRUDEDAREASOLID,#17472,#17470
IfcExtrudedAreaSolid,0.01269999999999996,#9,#17494,IFCEXTRUDEDAREASOLID,#17493,#17491
IfcExtrudedAreaSolid,0.01270000000000002,#9,#17624,IFCEXTRUDEDAREASOLID,#17623,#17621
IfcExtrudedAreaSolid,0.1016000000000001,#9,#17640,IFCEXTRUDEDAREASOLID,#17639,#17637
IfcExtrudedAreaSolid,0.1016000000000001,#9,#17656,IFCEXTRUDEDAREASOLID,#17655,#17653
IfcExtrudedAreaSolid,0.01270000000000002,#9,#17663,IFCEXTRUDEDAREASOLID,#17662,#17660
IfcExtrudedAreaSolid,0.01270000000000002,#9,#17681,IFCEXTRUDEDAREASOLID,#17680,#17678
IfcExtrudedAreaSolid,0.2032,#9,#17960,IFCEXTRUDEDAREASOLID,#17959,#17957
IfcExtrudedAreaSolid,1.372599999999972,#9,#17996,IFCEXTRUDEDAREASOLID,#17995,#17993
IfcExtrudedAreaSolid,0.2032,#9,#19373,IFCEXTRUDEDAREASOLID,#19372,#19370
IfcExtrudedAreaSolid,1.828599999999972,#9,#19406,IFCEXTRUDEDAREASOLID,#19405,#19403
IfcExtrudedAreaSolid,0.01900000000000001,#9,#20787,IFCEXTRUDEDAREASOLID,#20786,#20784
IfcExtrudedAreaSolid,0.01900000000000001,#9,#20898,IFCEXTRUDEDAREASOLID,#20897,#20895
IfcExtrudedAreaSolid,0.01900000000000001,#9,#20953,IFCEXTRUDEDAREASOLID,#20952,#20950
IfcExtrudedAreaSolid,0.01900000000000001,#9,#21008,IFCEXTRUDEDAREASOLID,#21007,#21005
IfcExtrudedAreaSolid,0.01900000000000001,#9,#21075,IFCEXTRUDEDAREASOLID,#21074,#21072
IfcExtrudedAreaSolid,0.01900000000000001,#9,#21142,IFCEXTRUDEDAREASOLID,#21141,#21139
IfcExtrudedAreaSolid,0.01299999999999975,#9,#21190,IFCEXTRUDEDAREASOLID,#21189,#21187
IfcExtrudedAreaSolid,0.01299999999999975,#9,#21331,IFCEXTRUDEDAREASOLID,#21330,#21328
IfcExtrudedAreaSolid,0.019,#9,#21396,IFCEXTRUDEDAREASOLID,#21395,#21393
IfcExtrudedAreaSolid,0.013,#9,#21444,IFCEXTRUDEDAREASOLID,#21443,#21441
IfcExtrudedAreaSolid,0.013,#9,#21492,IFCEXTRUDEDAREASOLID,#21491,#21489
IfcExtrudedAreaSolid,0.013,#9,#21540,IFCEXTRUDEDAREASOLID,#21539,#21537
IfcExtrudedAreaSolid,0.019,#9,#21605,IFCEXTRUDEDAREASOLID,#21604,#21602
IfcExtrudedAreaSolid,0.013,#9,#21653,IFCEXTRUDEDAREASOLID,#21652,#21650
IfcExtrudedAreaSolid,0.4170000000000001,#9,#21699,IFCEXTRUDEDAREASOLID,#21698,#21697
IfcExtrudedAreaSolid,0.025,#10,#21720,IFCEXTRUDEDAREASOLID,#21719,#21717
IfcExtrudedAreaSolid,0.02500000000001564,#10,#21736,IFCEXTRUDEDAREASOLID,#21735,#21733
IfcExtrudedAreaSolid,2.215999999999999,#9,#21743,IFCEXTRUDEDAREASOLID,#21742,#21740
IfcExtrudedAreaSolid,0.05100000000000005,#9,#21761,IFCEXTRUDEDAREASOLID,#21760,#21758
IfcExtrudedAreaSolid,0.4170000000000001,#9,#21909,IFCEXTRUDEDAREASOLID,#21908,#21907
IfcExtrudedAreaSolid,0.4170000000000001,#9,#21960,IFCEXTRUDEDAREASOLID,#21959,#21958
IfcExtrudedAreaSolid,0.4170000000000001,#9,#22012,IFCEXTRUDEDAREASOLID,#22011,#22010
IfcExtrudedAreaSolid,0.4170000000000001,#9,#22064,IFCEXTRUDEDAREASOLID,#22063,#22062
IfcExtrudedAreaSolid,0.4170000000000001,#9,#22116,IFCEXTRUDEDAREASOLID,#22115,#22114
IfcExtrudedAreaSolid,0.4170000000000001,#9,#22168,IFCEXTRUDEDAREASOLID,#22167,#22166
IfcExtrudedAreaSolid,0.4170000000000001,#9,#22220,IFCEXTRUDEDAREASOLID,#22219,#22218
IfcExtrudedAreaSolid,0.4170000000000001,#9,#22272,IFCEXTRUDEDAREASOLID,#22271,#22270
IfcExtrudedAreaSolid,0.4170000000000001,#9,#22324,IFCEXTRUDEDAREASOLID,#22323,#22322
IfcExtrudedAreaSolid,0.4170000000000001,#9,#22376,IFCEXTRUDEDAREASOLID,#22375,#22374
IfcExtrudedAreaSolid,0.4170000000000001,#9,#22428,IFCEXTRUDEDAREASOLID,#22427,#22426
IfcExtrudedAreaSolid,0.4570000000000001,#9,#22483,IFCEXTRUDEDAREASOLID,#22482,#22480
IfcExtrudedAreaSolid,3.048,#9,#22499,IFCEXTRUDEDAREASOLID,#22498,#22496
IfcExtrudedAreaSolid,3.048,#9,#22513,IFCEXTRUDEDAREASOLID,#22512,#22510
IfcExtrudedAreaSolid,0.4570000000000001,#9,#22525,IFCEXTRUDEDAREASOLID,#22524,#22523
IfcExtrudedAreaSolid,0.4570000000000001,#9,#22538,IFCEXTRUDEDAREASOLID,#22537,#22536
IfcExtrudedAreaSolid,0.6090000000000002,#9,#22658,IFCEXTRUDEDAREASOLID,#22657,#22656
IfcExtrudedAreaSolid,0.6090000000000002,#9,#22703,IFCEXTRUDEDAREASOLID,#22702,#22701
IfcExtrudedAreaSolid,0.6090000000000002,#9,#22748,IFCEXTRUDEDAREASOLID,#22747,#22746
IfcExtrudedAreaSolid,0.6090000000000002,#9,#22793,IFCEXTRUDEDAREASOLID,#22792,#22791
IfcExtrudedAreaSolid,0.3,#9,#23281,IFCEXTRUDEDAREASOLID,#23280,#23278
IfcExtrudedAreaSolid,0.3,#9,#23364,IFCEXTRUDEDAREASOLID,#23363,#23361
IfcExtrudedAreaSolid,0.3,#9,#23403,IFCEXTRUDEDAREASOLID,#23402,#23400
IfcExtrudedAreaSolid,0.3,#9,#23441,IFCEXTRUDEDAREASOLID,#23440,#23438
IfcExtrudedAreaSolid,0.3,#9,#23480,IFCEXTRUDEDAREASOLID,#23479,#23477
IfcExtrudedAreaSolid,0.3,#9,#23519,IFCEXTRUDEDAREASOLID,#23518,#23516
IfcExtrudedAreaSolid,0.3,#9,#23557,IFCEXTRUDEDAREASOLID,#23556,#23554
IfcExtrudedAreaSolid,2.795000000000196,#9,#24580,IFCEXTRUDEDAREASOLID,#24579,#24578
IfcExtrudedAreaSolid,3.100000000000196,#9,#24675,IFCEXTRUDEDAREASOLID,#24674,#24673
IfcExtrudedAreaSolid,2.795000000000196,#9,#24718,IFCEXTRUDEDAREASOLID,#24717,#24716
IfcExtrudedAreaSolid,2.795000000000196,#9,#24763,IFCEXTRUDEDAREASOLID,#24762,#24761
IfcExtrudedAreaSolid,2.795000000000196,#9,#24808,IFCEXTRUDEDAREASOLID,#24807,#24806
IfcExtrudedAreaSolid,2.595000000000012,#9,#31426,IFCEXTRUDEDAREASOLID,#31425,#31424
IfcExtrudedAreaSolid,2.595000000000012,#9,#31471,IFCEXTRUDEDAREASOLID,#31470,#31469
IfcExtrudedAreaSolid,0.9143999999999998,#9,#31553,IFCEXTRUDEDAREASOLID,#31552,#31550
IfcExtrudedAreaSolid,0.9143999999999998,#9,#31581,IFCEXTRUDEDAREASOLID,#31580,#31578
IfcExtrudedAreaSolid,0.9143999999999998,#9,#31609,IFCEXTRUDEDAREASOLID,#31608,#31606
IfcExtrudedAreaSolid,0.9143999999999998,#9,#31637,IFCEXTRUDEDAREASOLID,#31636,#31634
IfcExtrudedAreaSolid,0.9143999999999998,#9,#31665,IFCEXTRUDEDAREASOLID,#31664,#31662
IfcExtrudedAreaSolid,0.9143999999999998,#9,#31693,IFCEXTRUDEDAREASOLID,#31692,#31690
IfcExtrudedAreaSolid,0.9143999999999998,#9,#31721,IFCEXTRUDEDAREASOLID,#31720,#31718
IfcExtrudedAreaSolid,0.9143999999999998,#9,#31749,IFCEXTRUDEDAREASOLID,#31748,#31746
IfcExtrudedAreaSolid,0.9143999999999998,#9,#31777,IFCEXTRUDEDAREASOLID,#31776,#31774
IfcExtrudedAreaSolid,0.9143999999999998,#9,#31805,IFCEXTRUDEDAREASOLID,#31804,#31802
IfcExtrudedAreaSolid,0.9143999999999998,#9,#31833,IFCEXTRUDEDAREASOLID,#31832,#31830
IfcExtrudedAreaSolid,0.9143999999999998,#9,#31861,IFCEXTRUDEDAREASOLID,#31860,#31858
IfcExtrudedAreaSolid,0.9143999999999998,#9,#31889,IFCEXTRUDEDAREASOLID,#31888,#31886
IfcExtrudedAreaSolid,0.9143999999999998,#9,#31917,IFCEXTRUDEDAREASOLID,#31916,#31914
IfcExtrudedAreaSolid,0.9143999999999998,#9,#31945,IFCEXTRUDEDAREASOLID,#31944,#31942
IfcExtrudedAreaSolid,0.1437500000000122,#9,#31952,IFCEXTRUDEDAREASOLID,#31951,#31949
IfcExtrudedAreaSolid,0.1937500000000122,#9,#31959,IFCEXTRUDEDAREASOLID,#31958,#31956
IfcExtrudedAreaSolid,0.1937500000000123,#9,#31966,IFCEXTRUDEDAREASOLID,#31965,#31963
IfcExtrudedAreaSolid,0.1937500000000123,#9,#31973,IFCEXTRUDEDAREASOLID,#31972,#31970
IfcExtrudedAreaSolid,0.1937500000000123,#9,#31980,IFCEXTRUDEDAREASOLID,#31979,#31977
IfcExtrudedAreaSolid,0.1937500000000123,#9,#31987,IFCEXTRUDEDAREASOLID,#31986,#31984
IfcExtrudedAreaSolid,0.1937500000000123,#9,#31994,IFCEXTRUDEDAREASOLID,#31993,#31991
IfcExtrudedAreaSolid,0.1937500000000123,#9,#32001,IFCEXTRUDEDAREASOLID,#32000,#31998
IfcExtrudedAreaSolid,0.1937500000000123,#9,#32008,IFCEXTRUDEDAREASOLID,#32007,#32005
IfcExtrudedAreaSolid,0.1937500000000123,#9,#32015,IFCEXTRUDEDAREASOLID,#32014,#32012
IfcExtrudedAreaSolid,0.1937500000000123,#9,#32022,IFCEXTRUDEDAREASOLID,#32021,#32019
IfcExtrudedAreaSolid,0.1937500000000123,#9,#32029,IFCEXTRUDEDAREASOLID,#32028,#32026
IfcExtrudedAreaSolid,0.1937500000000123,#9,#32036,IFCEXTRUDEDAREASOLID,#32035,#32033
IfcExtrudedAreaSolid,0.1937500000000123,#9,#32043,IFCEXTRUDEDAREASOLID,#32042,#32040
IfcExtrudedAreaSolid,0.1937500000000123,#9,#32050,IFCEXTRUDEDAREASOLID,#32049,#32047
IfcExtrudedAreaSolid,0.1937500000000123,#9,#32057,IFCEXTRUDEDAREASOLID,#32056,#32054
IfcExtrudedAreaSolid,0.05,#9,#32090,IFCEXTRUDEDAREASOLID,#32089,#32086
IfcExtrudedAreaSolid,0.05,#9,#32109,IFCEXTRUDEDAREASOLID,#32108,#32105
IfcExtrudedAreaSolid,1.060000000000001,#9,#32373,IFCEXTRUDEDAREASOLID,#32372,#32370
IfcExtrudedAreaSolid,1.060000000000001,#9,#32378,IFCEXTRUDEDAREASOLID,#32377,#32375
IfcExtrudedAreaSolid,1.060000000000001,#9,#32383,IFCEXTRUDEDAREASOLID,#32382,#32380
IfcExtrudedAreaSolid,1.060000000000001,#9,#32388,IFCEXTRUDEDAREASOLID,#32387,#32385
IfcExtrudedAreaSolid,1.060000000000001,#9,#32393,IFCEXTRUDEDAREASOLID,#32392,#32390
IfcExtrudedAreaSolid,1.060000000000001,#9,#32398,IFCEXTRUDEDAREASOLID,#32397,#32395
IfcExtrudedAreaSolid,1.060000000000001,#9,#32403,IFCEXTRUDEDAREASOLID,#32402,#32400
IfcExtrudedAreaSolid,1.060000000000001,#9,#32408,IFCEXTRUDEDAREASOLID,#32407,#32405
IfcExtrudedAreaSolid,1.060000000000001,#9,#32413,IFCEXTRUDEDAREASOLID,#32412,#32410
IfcExtrudedAreaSolid,1.060000000000001,#9,#32418,IFCEXTRUDEDAREASOLID,#32417,#32415
IfcExtrudedAreaSolid,1.060000000000001,#9,#32423,IFCEXTRUDEDAREASOLID,#32422,#32420
IfcExtrudedAreaSolid,1.060000000000001,#9,#32428,IFCEXTRUDEDAREASOLID,#32427,#32425
IfcExtrudedAreaSolid,1.060000000000001,#9,#32433,IFCEXTRUDEDAREASOLID,#32432,#32430
IfcExtrudedAreaSolid,1.060000000000001,#9,#32438,IFCEXTRUDEDAREASOLID,#32437,#32435
IfcExtrudedAreaSolid,1.060000000000001,#9,#32443,IFCEXTRUDEDAREASOLID,#32442,#32440
IfcExtrudedAreaSolid,1.060000000000001,#9,#32448,IFCEXTRUDEDAREASOLID,#32447,#32445
IfcExtrudedAreaSolid,1.060000000000001,#9,#32453,IFCEXTRUDEDAREASOLID,#32452,#32450
IfcExtrudedAreaSolid,1.060000000000001,#9,#32458,IFCEXTRUDEDAREASOLID,#32457,#32455
IfcExtrudedAreaSolid,1.060000000000001,#9,#32463,IFCEXTRUDEDAREASOLID,#32462,#32460
IfcExtrudedAreaSolid,1.060000000000001,#9,#32468,IFCEXTRUDEDAREASOLID,#32467,#32465
IfcExtrudedAreaSolid,1.060000000000001,#9,#32473,IFCEXTRUDEDAREASOLID,#32472,#32470
IfcExtrudedAreaSolid,1.060000000000001,#9,#32478,IFCEXTRUDEDAREASOLID,#32477,#32475
IfcExtrudedAreaSolid,1.060000000000001,#9,#32483,IFCEXTRUDEDAREASOLID,#32482,#32480
IfcExtrudedAreaSolid,1.060000000000001,#9,#32488,IFCEXTRUDEDAREASOLID,#32487,#32485
IfcExtrudedAreaSolid,1.060000000000001,#9,#32493,IFCEXTRUDEDAREASOLID,#32492,#32490
IfcExtrudedAreaSolid,1.060000000000001,#9,#32498,IFCEXTRUDEDAREASOLID,#32497,#32495
IfcExtrudedAreaSolid,1.060000000000001,#9,#32503,IFCEXTRUDEDAREASOLID,#32502,#32500
IfcExtrudedAreaSolid,1.060000000000001,#9,#32508,IFCEXTRUDEDAREASOLID,#32507,#32505
IfcExtrudedAreaSolid,0.02499999999999973,#9,#32518,IFCEXTRUDEDAREASOLID,#32517,#32515
IfcExtrudedAreaSolid,0.9968219692482702,#32524,#32525,IFCEXTRUDEDAREASOLID,#32523,#32520
IfcExtrudedAreaSolid,0.9968219692482604,#32531,#32532,IFCEXTRUDEDAREASOLID,#32530,#32527
IfcExtrudedAreaSolid,0.9968219692482604,#32538,#32539,IFCEXTRUDEDAREASOLID,#32537,#32534
IfcExtrudedAreaSolid,0.9968219692482604,#32545,#32546,IFCEXTRUDEDAREASOLID,#32544,#32541
IfcExtrudedAreaSolid,0.9968219692482604,#32552,#32553,IFCEXTRUDEDAREASOLID,#32551,#32548
IfcExtrudedAreaSolid,0.9968219692482604,#32559,#32560,IFCEXTRUDEDAREASOLID,#32558,#32555
IfcExtrudedAreaSolid,0.9968219692482648,#32566,#32567,IFCEXTRUDEDAREASOLID,#32565,#32562
IfcExtrudedAreaSolid,0.9968219692482654,#32573,#32574,IFCEXTRUDEDAREASOLID,#32572,#32569
IfcExtrudedAreaSolid,0.9968219692482654,#32580,#32581,IFCEXTRUDEDAREASOLID,#32579,#32576
IfcExtrudedAreaSolid,0.9968219692482648,#32587,#32588,IFCEXTRUDEDAREASOLID,#32586,#32583
IfcExtrudedAreaSolid,0.9968219692482648,#32594,#32595,IFCEXTRUDEDAREASOLID,#32593,#32590
IfcExtrudedAreaSolid,0.9968219692482648,#32601,#32602,IFCEXTRUDEDAREASOLID,#32600,#32597
IfcExtrudedAreaSolid,0.9968219692482648,#32608,#32609,IFCEXTRUDEDAREASOLID,#32607,#32604
IfcExtrudedAreaSolid,0.9968219692482648,#32615,#32616,IFCEXTRUDEDAREASOLID,#32614,#32611
IfcExtrudedAreaSolid,0.9968219692482654,#32622,#32623,IFCEXTRUDEDAREASOLID,#32621,#32618
IfcExtrudedAreaSolid,0.9968219692482654,#32629,#32630,IFCEXTRUDEDAREASOLID,#32628,#32625
IfcExtrudedAreaSolid,0.9968219692482648,#32636,#32637,IFCEXTRUDEDAREASOLID,#32635,#32632
IfcExtrudedAreaSolid,0.996821969248265,#32643,#32644,IFCEXTRUDEDAREASOLID,#32642,#32639
IfcExtrudedAreaSolid,0.996821969248265,#32650,#32651,IFCEXTRUDEDAREASOLID,#32649,#32646
IfcExtrudedAreaSolid,0.9968219692482654,#32657,#32658,IFCEXTRUDEDAREASOLID,#32656,#32653
IfcExtrudedAreaSolid,0.9968219692482654,#32664,#32665,IFCEXTRUDEDAREASOLID,#32663,#32660
IfcExtrudedAreaSolid,0.9968219692482656,#32671,#32672,IFCEXTRUDEDAREASOLID,#32670,#32667
IfcExtrudedAreaSolid,0.9968219692482654,#32678,#32679,IFCEXTRUDEDAREASOLID,#32677,#32674
IfcExtrudedAreaSolid,0.9968219692482654,#32685,#32686,IFCEXTRUDEDAREASOLID,#32684,#32681
IfcExtrudedAreaSolid,0.9968219692482654,#32692,#32693,IFCEXTRUDEDAREASOLID,#32691,#32688
IfcExtrudedAreaSolid,0.9968219692482654,#32699,#32700,IFCEXTRUDEDAREASOLID,#32698,#32695
IfcExtrudedAreaSolid,0.9968219692482654,#32706,#32707,IFCEXTRUDEDAREASOLID,#32705,#32702
IfcExtrudedAreaSolid,0.9968219692482654,#32713,#32714,IFCEXTRUDEDAREASOLID,#32712,#32709
IfcExtrudedAreaSolid,0.9968219692482654,#32720,#32721,IFCEXTRUDEDAREASOLID,#32719,#32716
IfcExtrudedAreaSolid,1.060000000000001,#9,#32726,IFCEXTRUDEDAREASOLID,#32725,#32723
IfcExtrudedAreaSolid,1.060000000000001,#9,#32731,IFCEXTRUDEDAREASOLID,#32730,#32728
IfcExtrudedAreaSolid,1.060000000000001,#9,#32736,IFCEXTRUDEDAREASOLID,#32735,#32733
IfcExtrudedAreaSolid,1.060000000000001,#9,#32741,IFCEXTRUDEDAREASOLID,#32740,#32738
IfcExtrudedAreaSolid,0.9968219692482642,#32757,#32758,IFCEXTRUDEDAREASOLID,#32756,#32752
IfcExtrudedAreaSolid,2.900000000000012,#9,#35194,IFCEXTRUDEDAREASOLID,#35193,#35192
IfcExtrudedAreaSolid,0.124,#9,#35235,IFCEXTRUDEDAREASOLID,#35234,#35233
IfcExtrudedAreaSolid,0.02499999999999445,#9,#35256,IFCEXTRUDEDAREASOLID,#35255,#35253
IfcExtrudedAreaSolid,0.02500000000000558,#9,#35272,IFCEXTRUDEDAREASOLID,#35271,#35269
IfcExtrudedAreaSolid,2.032,#9,#35279,IFCEXTRUDEDAREASOLID,#35278,#35276
IfcExtrudedAreaSolid,2.900000000000012,#9,#35352,IFCEXTRUDEDAREASOLID,#35351,#35350
IfcExtrudedAreaSolid,0.124,#9,#35393,IFCEXTRUDEDAREASOLID,#35392,#35391
IfcExtrudedAreaSolid,0.4880000000001955,#9,#35447,IFCEXTRUDEDAREASOLID,#35446,#35445
IfcExtrudedAreaSolid,0.4880000000001955,#9,#35492,IFCEXTRUDEDAREASOLID,#35491,#35490
IfcExtrudedAreaSolid,7.421299999999966,#9,#36678,IFCEXTRUDEDAREASOLID,#36677,#36675
IfcExtrudedAreaSolid,6.181887120424958,#10,#36887,IFCEXTRUDEDAREASOLID,#36886,#36884
IfcExtrudedAreaSolid,4.121279928630352,#9,#37060,IFCEXTRUDEDAREASOLID,#37059,#37057
IfcExtrudedAreaSolid,4.100000000000001,#10,#37190,IFCEXTRUDEDAREASOLID,#37189,#37187
IfcExtrudedAreaSolid,7.421299999999966,#10,#37320,IFCEXTRUDEDAREASOLID,#37319,#37317
IfcExtrudedAreaSolid,6.181887120424958,#9,#37451,IFCEXTRUDEDAREASOLID,#37450,#37448
IfcExtrudedAreaSolid,4.121279928630351,#10,#37581,IFCEXTRUDEDAREASOLID,#37580,#37578
IfcExtrudedAreaSolid,4.100000000000001,#9,#37711,IFCEXTRUDEDAREASOLID,#37710,#37708
IfcExtrudedAreaSolid,0.15,#9,#37772,IFCEXTRUDEDAREASOLID,#37771,#37769
IfcExtrudedAreaSolid,0.15,#9,#37859,IFCEXTRUDEDAREASOLID,#37858,#37856
IfcExtrudedAreaSolid,0.2880000000000125,#9,#37908,IFCEXTRUDEDAREASOLID,#37907,#37906
IfcExtrudedAreaSolid,0.2880000000000125,#9,#37965,IFCEXTRUDEDAREASOLID,#37964,#37963
IfcExtrudedAreaSolid,0.2880000000000125,#9,#38010,IFCEXTRUDEDAREASOLID,#38009,#38008
IfcExtrudedAreaSolid,0.2880000000000125,#9,#38055,IFCEXTRUDEDAREASOLID,#38054,#38053
IfcExtrudedAreaSolid,0.2880000000000125,#9,#38100,IFCEXTRUDEDAREASOLID,#38099,#38098
IfcExtrudedAreaSolid,0.2880000000000125,#9,#38145,IFCEXTRUDEDAREASOLID,#38144,#38143
IfcExtrudedAreaSolid,0.2880000000000125,#9,#38190,IFCEXTRUDEDAREASOLID,#38189,#38188
IfcExtrudedAreaSolid,0.2880000000000125,#9,#38235,IFCEXTRUDEDAREASOLID,#38234,#38233
